Date,GOOGL,META,MSFT,NVDA
2022-01-03,143.802978515625,335.904052734375,323.1607971191406,30.061138153076172
2022-01-04,143.21583557128906,333.9096374511719,317.6195068359375,29.231788635253906
2022-01-05,136.6456298828125,321.6459045410156,305.4267272949219,27.549142837524414
2022-01-06,136.61834716796875,329.8713073730469,303.0133361816406,28.121999740600586
2022-01-07,135.89385986328125,329.2066345214844,303.1678161621094,27.19285011291504
2022-01-10,137.5327911376953,325.51556396484375,303.38983154296875,27.34554672241211
2022-01-11,138.59056091308594,331.7664794921875,304.0751647949219,27.761720657348633
2022-01-12,140.27117919921875,330.66510009765625,307.2513427734375,27.9433536529541
2022-01-13,137.45098876953125,323.9378967285156,294.2477111816406,26.522180557250977
2022-01-14,138.337158203125,329.31573486328125,299.460693359375,26.888460159301758
2022-01-18,134.88319396972656,315.67279052734375,292.1720886230469,25.851518630981445
2022-01-19,134.00892639160156,317.1015319824219,292.82855224609375,25.017179489135742
2022-01-20,132.2147674560547,314.0951232910156,291.158447265625,24.102005004882812
2022-01-21,129.28298950195312,300.80938720703125,285.78131103515625,23.327545166015625
2022-01-24,129.73178100585938,306.3062744140625,286.1095886230469,23.3255558013916
2022-01-25,125.89448547363281,297.8128967285156,278.5023193359375,22.279634475708008
2022-01-26,128.17364501953125,292.3359375,286.437744140625,22.726741790771484
2022-01-27,127.94750213623047,292.3458557128906,289.4593200683594,21.900386810302734
2022-01-28,132.25787353515625,299.3607482910156,297.5879211425781,22.794607162475586
2022-01-31,134.19439697265625,310.8208923339844,300.2137756347656,24.437335968017578
2022-02-01,136.5157012939453,316.51611328125,298.0705871582031,24.589035034179688
2022-02-02,146.7868194580078,320.4850158691406,302.6077880859375,25.191835403442383
2022-02-03,141.91705322265625,235.90869140625,290.8205261230469,23.900405883789062
2022-02-04,142.11839294433594,235.24392700195312,295.3481750488281,24.27066993713379
2022-02-07,138.0599365234375,223.15878295898438,290.5309753417969,24.678857803344727
2022-02-08,138.25628662109375,218.46559143066406,294.0159606933594,25.058101654052734
2022-02-09,140.43133544921875,230.19357299804688,300.43572998046875,26.651926040649414
2022-02-10,137.48370361328125,226.29417419433594,291.91143798828125,25.772676467895508
2022-02-11,133.18174743652344,217.84051513671875,284.8255920410156,23.901405334472656
2022-02-14,134.41506958007812,216.00489807128906,284.78692626953125,24.21877670288086
2022-02-15,135.4886932373047,219.27920532226562,290.06756591796875,26.442346572875977
2022-02-16,136.60894775390625,214.85394287109375,289.7290344238281,26.458309173583984
2022-02-17,131.45252990722656,206.09266662597656,281.2450866699219,24.458301544189453
2022-02-18,129.33404541015625,204.5547637939453,278.5364074707031,23.595012664794922
2022-02-22,128.7493896484375,200.5065460205078,278.3332824707031,23.343517303466797
2022-02-23,126.54212951660156,196.90478515625,271.12640380859375,22.34250831604004
2022-02-24,131.60328674316406,205.98353576660156,284.9792175292969,23.7008056640625
2022-02-25,133.35731506347656,208.84112548828125,287.6104431152344,24.108991622924805
2022-02-28,133.9499053955078,209.38682556152344,289.0421447753906,24.336538314819336
2022-03-01,132.96255493164062,201.9055633544922,285.32745361328125,23.430343627929688
2022-03-02,133.46836853027344,206.48956298828125,290.39654541015625,24.175983428955078
2022-03-03,132.80191040039062,201.3896026611328,286.26580810546875,23.6709041595459
2022-03-04,130.82522583007812,198.50228881835938,280.4034423828125,22.894315719604492
2022-03-07,125.34255981445312,186.01028442382812,269.810791015625,21.313201904296875
2022-03-08,126.06259155273438,188.80831909179688,266.85052490234375,21.474905014038086
2022-03-09,132.32632446289062,196.95437622070312,279.08782958984375,22.97217559814453
2022-03-10,131.3439483642578,193.69003295898438,276.2727966308594,22.6168212890625
2022-03-11,128.80593872070312,186.14918518066406,270.932861328125,22.059837341308594
2022-03-14,124.91854858398438,185.1768341064453,267.42132568359375,21.291234970092773
2022-03-15,128.13893127441406,190.53477478027344,277.781982421875,22.931251525878906
2022-03-16,132.18800354003906,202.0444793701172,284.7857360839844,24.45148277282715
2022-03-17,132.74188232421875,206.22171020507812,285.588623046875,24.72099494934082
2022-03-18,135.00965881347656,214.80433654785156,290.6286926269531,26.404922485351562
2022-03-21,134.98583984375,209.84326171875,289.4001159667969,26.685413360595703
2022-03-22,138.72145080566406,214.96307373046875,294.14019775390625,26.475799560546875
2022-03-23,137.14202880859375,211.7979278564453,289.7192687988281,25.587413787841797
2022-03-24,140.4114990234375,217.86036682128906,294.17901611328125,28.09884262084961
2022-03-25,140.51165771484375,220.0928497314453,293.77264404296875,27.64167594909668
2022-03-28,140.2959747314453,221.8490447998047,300.5635681152344,28.167713165283203
2022-03-29,141.3373565673828,228.07020568847656,305.1199645996094,28.603923797607422
2022-03-30,140.77500915527344,226.0758819580078,303.6204528808594,27.639678955078125
2022-03-31,137.9275360107422,220.62863159179688,298.2516174316406,27.23641014099121
2022-04-01,139.0016632080078,223.09922790527344,299.3254089355469,26.663455963134766
2022-04-04,141.79953002929688,232.06884765625,304.6943664550781,27.310277938842773
2022-04-05,139.4385528564453,230.03480529785156,300.73773193359375,25.883872985839844
2022-04-06,135.42869567871094,221.5613250732422,289.7290344238281,24.36264419555664
2022-04-07,134.77459716796875,221.21400451660156,291.5379943847656,24.164003372192383
2022-04-08,132.1949005126953,220.59886169433594,287.28155517578125,23.07698631286621
2022-04-11,127.76751708984375,214.7745361328125,275.9535827636719,21.87717056274414
2022-04-12,126.66758728027344,212.47262573242188,272.8580017089844,21.46491813659668
2022-04-13,128.8292236328125,213.31600952148438,278.2365417480469,22.16265296936035
2022-04-14,125.691162109375,208.54344177246094,270.70074462890625,21.219369888305664
2022-04-18,126.6299057006836,209.1288604736328,271.3681640625,21.74341583251953
2022-04-19,128.94329833984375,215.61793518066406,275.99224853515625,22.15765953063965
2022-04-20,126.99040985107422,198.8594512939453,277.0177001953125,21.442960739135742
2022-04-21,123.79137420654297,186.60562133789062,271.6487121582031,20.146320343017578
2022-04-22,118.65481567382812,182.6764373779297,265.0899353027344,19.479534149169922
2022-04-25,122.06512451171875,185.53404235839844,271.5616760253906,19.865833282470703
2022-04-26,117.6773910522461,179.54104614257812,261.4042663574219,18.753854751586914
2022-04-27,113.35760498046875,173.5877685546875,273.9801940917969,18.381532669067383
2022-04-28,117.55094146728516,204.1280975341797,280.1809997558594,19.746044158935547
2022-04-29,113.17411041259766,198.9090576171875,268.4660949707031,18.513294219970703
2022-05-02,115.6273422241211,209.48606872558594,275.1893310546875,19.49750328063965
2022-05-03,116.37220001220703,210.37905883789062,272.58709716796875,19.56637191772461
2022-05-04,121.25879669189453,221.67047119140625,280.5196228027344,20.297046661376953
2022-05-05,115.55048370361328,206.65821838378906,268.3016052246094,18.809757232666016
2022-05-06,114.79769134521484,202.18336486816406,265.76708984375,18.641061782836914
2022-05-09,111.58871459960938,194.6822509765625,255.94825744628906,16.919198989868164
2022-05-10,113.45726776123047,196.11102294921875,260.707763671875,17.563020706176758
2022-05-11,112.67127227783203,187.27040100097656,252.04966735839844,16.599775314331055
2022-05-12,111.91897583007812,189.7509307861328,247.01931762695312,16.145605087280273
2022-05-13,115.09920501708984,197.07347106933594,252.60113525390625,17.6738224029541
2022-05-16,113.50686645507812,198.482421875,252.96873474121094,17.23262596130371
2022-05-17,115.51824188232422,201.04232788085938,258.1152038574219,18.143964767456055
2022-05-18,110.98222351074219,190.7431640625,246.36328125,16.907217025756836
2022-05-19,109.47916412353516,189.800537109375,245.45179748535156,17.092880249023438
2022-05-20,108.0152587890625,192.03302001953125,244.88943481445312,16.66366195678711
2022-05-23,110.5740966796875,194.70205688476562,252.73370361328125,16.867286682128906
2022-05-24,105.1013412475586,179.8684844970703,251.73501586914062,16.1246395111084
2022-05-25,104.93769836425781,182.39862060546875,254.54689025878906,16.944150924682617
2022-05-26,106.90889739990234,190.1378936767578,257.8243408203125,17.818559646606445
2022-05-27,111.39581298828125,193.6106719970703,264.9412841796875,18.77681541442871
2022-05-31,112.82945251464844,192.13221740722656,263.6129455566406,18.638065338134766
2022-06-01,112.95841217041016,187.1712188720703,264.14630126953125,18.28670883178711
2022-06-02,116.65830993652344,197.3115997314453,266.24066162109375,19.556394577026367
2022-06-03,113.60208892822266,189.29452514648438,261.819091796875,18.685977935791016
2022-06-06,115.8628921508789,192.73748779296875,260.58770751953125,18.751859664916992
2022-06-07,116.18920135498047,194.1265869140625,264.22381591796875,18.8916072845459
2022-06-08,116.23334503173828,195.10888671875,262.1973571777344,18.618045806884766
2022-06-09,113.8941650390625,182.56732177734375,256.74798583984375,18.019010543823242
2022-06-10,110.25028228759766,174.20297241210938,245.3063507080078,16.94673728942871
2022-06-13,105.52037811279297,162.9810028076172,234.90225219726562,15.621867179870605
2022-06-14,105.84072875976562,162.4551239013672,237.06454467773438,15.810562133789062
2022-06-15,108.86474609375,168.03135681152344,244.1136932373047,16.500450134277344
2022-06-16,105.1643295288086,159.61740112304688,237.52996826171875,15.575942039489746
2022-06-17,106.26522827148438,162.46507263183594,240.1285400390625,15.854491233825684
2022-06-21,110.62965393066406,155.82716369628906,246.0335693359375,16.539390563964844
2022-06-22,110.57360076904297,154.636474609375,245.44212341308594,16.333717346191406
2022-06-23,111.3219223022461,157.51390075683594,250.99806213378906,16.19893455505371
2022-06-24,117.00791931152344,168.8350830078125,259.56964111328125,17.098491668701172
2022-06-27,114.88397979736328,168.17027282714844,256.844970703125,16.84190559387207
2022-06-28,111.08935546875,159.4288787841797,248.6903839111328,15.956329345703125
2022-06-29,110.78585052490234,162.66351318359375,252.35557556152344,15.517032623291016
2022-06-30,108.0698013305664,159.99444580078125,249.02976989746094,15.134649276733398
2022-07-01,107.84615325927734,158.78396606445312,251.6962432861328,14.499670028686523
2022-07-05,112.33455657958984,166.8804168701172,254.86692810058594,14.939964294433594
2022-07-06,113.63282012939453,168.44810485839844,258.1248474121094,15.105696678161621
2022-07-07,117.8093032836914,170.84927368164062,260.2483825683594,15.832526206970215
2022-07-08,118.3751220703125,169.54945373535156,259.5308837890625,15.812560081481934
2022-07-11,114.72827911376953,161.6117706298828,256.4764404296875,15.127660751342773
2022-07-12,113.0858383178711,161.99871826171875,245.9657440185547,15.057772636413574
2022-07-13,110.44071197509766,162.21701049804688,245.04458618164062,15.139641761779785
2022-07-14,109.46279907226562,156.81936645507812,246.36328125,15.347306251525879
2022-07-15,110.86123657226562,163.41757202148438,248.92306518554688,15.73668098449707
2022-07-18,108.13624572753906,165.92788696289062,246.52813720703125,16.075136184692383
2022-07-19,112.8770751953125,174.41131591796875,251.64773559570312,16.96470832824707
2022-07-20,112.9663314819336,181.6643829345703,254.3045196533203,17.778398513793945
2022-07-21,113.40272521972656,181.74375915527344,256.79644775390625,18.021007537841797
2022-07-22,107.01551818847656,167.9520263671875,252.4525909423828,17.291179656982422
2022-07-25,106.62872314453125,165.35238647460938,250.96900939941406,16.99665641784668
2022-07-26,104.15911865234375,157.91079711914062,244.24948120117188,16.50644302368164
2022-07-27,112.13321685791016,168.2595672607422,260.5779724121094,17.761423110961914
2022-07-28,113.2837142944336,159.4685821533203,268.0151062011719,17.955108642578125
2022-07-29,115.36650085449219,157.86119079589844,272.2135314941406,18.133825302124023
2022-08-01,113.91846466064453,158.68470764160156,269.56646728515625,18.411376953125
2022-08-02,114.18624877929688,158.94271850585938,266.4733581542969,18.496238708496094
2022-08-03,117.1120834350586,167.48565673828125,273.8910217285156,18.862651824951172
2022-08-04,117.2211685180664,169.24188232421875,275.03509521484375,19.18413543701172
2022-08-05,116.50706481933594,165.80880737304688,274.31768798828125,18.9585018157959
2022-08-08,116.33847045898438,168.9243621826172,271.8062438964844,17.764415740966797
2022-08-09,115.6739501953125,167.21775817871094,273.7262268066406,17.05855369567871
2022-08-10,118.71878814697266,176.95140075683594,280.37786865234375,18.067930221557617
2022-08-11,117.8658218383789,176.10801696777344,278.30279541015625,17.91318130493164
2022-08-12,120.68256378173828,179.09454345703125,283.0443420410156,18.67894744873047
2022-08-15,121.07927703857422,179.48153686523438,284.55694580078125,19.001426696777344
2022-08-16,120.702392578125,178.0725860595703,283.8200378417969,18.848676681518555
2022-08-17,118.57003784179688,173.4885711669922,283.0718688964844,18.305545806884766
2022-08-18,119.1849365234375,173.30003356933594,281.9544372558594,18.74284553527832
2022-08-19,116.24919891357422,166.65219116210938,278.04815673828125,17.820327758789062
2022-08-22,113.30355834960938,161.78042602539062,269.885986328125,17.006635665893555
2022-08-23,112.9266586303711,159.8555450439453,268.6130676269531,17.15340232849121
2022-08-24,112.758056640625,161.98878479003906,267.9815368652344,17.1943359375
2022-08-25,115.69378662109375,167.46583557128906,270.95489501953125,17.884227752685547
2022-08-26,109.4355239868164,160.52029418945312,260.49951171875,16.233882904052734
2022-08-29,108.52305603027344,157.93063354492188,257.72052001953125,15.775617599487305
2022-08-30,108.04700469970703,155.93629455566406,255.52444458007812,15.443154335021973
2022-08-31,107.33289337158203,161.661376953125,254.06700134277344,15.069753646850586
2022-09-01,108.84044647216797,164.0724639892578,253.02728271484375,13.914612770080566
2022-09-02,106.96593475341797,159.07171630859375,248.81015014648438,13.625079154968262
2022-09-06,105.93445587158203,157.30552673339844,246.07972717285156,13.443370819091797
2022-09-07,108.55280303955078,159.14112854003906,250.78265380859375,13.696039199829102
2022-09-08,107.4915771484375,160.79812622070312,251.20050048828125,13.97167682647705
2022-09-09,109.74297332763672,167.83291625976562,256.9722595214844,14.368157386779785
2022-09-12,109.95125579833984,167.64442443847656,259.10028076171875,14.486004829406738
2022-09-13,103.46487426757812,151.93768310546875,244.85537719726562,13.113802909851074
2022-09-14,104.13928985595703,150.29058837890625,245.078857421875,13.110807418823242
2022-09-15,102.0664291381836,148.38552856445312,238.43252563476562,12.912068367004395
2022-09-16,101.95732116699219,145.1509246826172,237.8106689453125,13.180715560913086
2022-09-19,102.22511291503906,146.86746215820312,237.59686279296875,13.36447525024414
2022-09-20,100.31092834472656,144.95248413085938,235.58546447753906,13.158744812011719
2022-09-21,98.4661865234375,141.01341247558594,232.18458557128906,13.243632316589355
2022-09-22,99.31912994384766,141.70794677734375,234.15713500976562,12.544548988342285
2022-09-23,97.93059539794922,139.31671142578125,231.1837158203125,12.499608039855957
2022-09-26,97.36527252197266,135.3081817626953,230.72706604003906,12.21198558807373
2022-09-27,96.70076751708984,133.353515625,229.71649169921875,12.396742820739746
2022-09-28,99.22987365722656,140.5073699951172,234.2445526123047,12.719321250915527
2022-09-29,96.62142181396484,135.34786987304688,230.77561950683594,12.203996658325195
2022-09-30,94.86593627929688,134.62351989746094,226.3058624267578,12.123103141784668
2022-10-03,97.83142852783203,137.53073120117188,233.92388916015625,12.495614051818848
2022-10-04,100.80683898925781,139.18771362304688,241.8334503173828,13.149754524230957
2022-10-05,100.59854125976562,137.89784240722656,242.14434814453125,13.19170093536377
2022-10-06,100.58863830566406,137.98716735839844,239.8026123046875,13.112805366516113
2022-10-07,97.87110137939453,132.410888671875,227.60792541503906,12.060185432434082
2022-10-10,97.05781555175781,132.74826049804688,222.7592010498047,11.654716491699219
2022-10-11,96.38339233398438,127.53911590576172,219.02793884277344,11.570826530456543
2022-10-12,96.7602767944336,126.50724792480469,219.35829162597656,11.484940528869629
2022-10-13,98.24797821044922,129.27549743652344,227.60792541503906,11.94433879852295
2022-10-14,95.76846313476562,125.77301788330078,222.0887451171875,11.212295532226562
2022-10-17,99.1505126953125,132.9962921142578,230.80474853515625,11.872431755065918
2022-10-18,99.9439697265625,131.76596069335938,231.74734497070312,11.95132827758789
2022-10-19,98.81330108642578,132.19264221191406,229.78453063964844,12.03521728515625
2022-10-20,99.1505126953125,130.505859375,229.46383666992188,12.178030967712402
2022-10-21,100.30101013183594,128.99766540527344,235.2648162841797,12.44967269897461
2022-10-24,101.67961120605469,128.70994567871094,240.24957275390625,12.582499504089355
2022-10-25,103.62355041503906,136.4392852783203,243.56301879882812,13.243632316589355
2022-10-26,94.15184020996094,128.80918884277344,224.77061462402344,12.879110336303711
2022-10-27,91.46405029296875,97.17740631103516,220.3300018310547,13.158744812011719
2022-10-28,95.50069427490234,98.42759704589844,229.1917724609375,13.81588363647461
2022-10-31,93.73528289794922,92.43461608886719,225.55767822265625,13.479324340820312
2022-11-01,89.7283935546875,94.45873260498047,221.7097930908203,13.525263786315918
2022-11-02,86.257080078125,89.83502197265625,213.8682861328125,13.201689720153809
2022-11-03,82.74610137939453,88.21772003173828,208.1839141845703,13.403422355651855
2022-11-04,85.87027740478516,90.08309173583984,215.12176513671875,14.137458801269531
2022-11-07,87.76463317871094,95.96690368652344,221.4182891845703,14.282271385192871
2022-11-08,88.17127227783203,95.71884155273438,222.3899688720703,14.582876205444336
2022-11-09,86.60420989990234,100.67992401123047,218.15341186523438,13.757960319519043
2022-11-10,93.16995239257812,110.99893188476562,236.10049438476562,15.72937297821045
2022-11-11,95.61971282958984,112.1399917602539,240.11354064941406,16.305618286132812
2022-11-14,94.91551208496094,113.33065032958984,234.71096801757812,16.273656845092773
2022-11-15,97.63307189941406,116.16836547851562,235.11904907226562,16.6441707611084
2022-11-16,98.03970336914062,112.34835815429688,235.5477752685547,15.889164924621582
2022-11-17,97.55372619628906,110.58220672607422,235.4990692138672,15.65647029876709
2022-11-18,96.63134002685547,111.17753601074219,235.05087280273438,15.38882064819336
2022-11-21,94.81633758544922,109.00458526611328,235.85963439941406,15.296940803527832
2022-11-22,96.25445556640625,110.5722885131836,238.76339721679688,16.016996383666992
2022-11-23,97.65290832519531,111.36605834960938,241.24819946289062,16.497364044189453
2022-11-25,96.66109466552734,110.54252624511719,241.1604766845703,16.24869155883789
2022-11-28,95.26265716552734,107.9330062866211,235.5770263671875,15.806272506713867
2022-11-29,94.40971374511719,108.60770416259766,234.18360900878906,15.61851692199707
2022-11-30,100.16214752197266,117.180419921875,248.61485290527344,16.90515899658203
2022-12-01,100.16214752197266,119.50221252441406,248.1763916015625,17.11693572998047
2022-12-02,99.61666107177734,122.52845764160156,248.49795532226562,16.85820770263672
2022-12-05,98.66454315185547,121.4767074584961,243.8011932373047,16.592493057250977
2022-12-06,96.1850357055664,113.23143005371094,238.85113525390625,15.970147132873535
2022-12-07,94.1617660522461,113.04290008544922,238.1202850341797,16.103008270263672
2022-12-08,92.94183349609375,114.43201446533203,241.07281494140625,17.150901794433594
2022-12-09,92.06906127929688,114.99755859375,239.1434326171875,16.983076095581055
2022-12-12,92.54511260986328,113.81682586669922,246.05210876464844,17.516515731811523
2022-12-13,94.84609985351562,119.21446990966797,250.34933471679688,18.052953720092773
2022-12-14,94.29068756103516,120.64324951171875,250.6416778564453,17.655370712280273
2022-12-15,90.11520385742188,115.24561309814453,242.64163208007812,16.934127807617188
2022-12-16,89.52012634277344,118.50007629394531,238.43211364746094,16.553531646728516
2022-12-19,87.71503448486328,113.588623046875,234.30055236816406,16.236865997314453
2022-12-20,88.290283203125,116.17827606201172,235.61602783203125,16.06804656982422
2022-12-21,88.84569549560547,118.82750701904297,238.17872619628906,16.483606338500977
2022-12-22,87.04061126708984,116.20806884765625,232.09837341308594,15.322829246520996
2022-12-23,88.49856567382812,117.12089538574219,232.6245574951172,15.189970970153809
2022-12-27,86.67363739013672,115.96992492675781,230.8998260498047,14.106115341186523
2022-12-28,85.31487274169922,114.7197494506836,228.5319366455078,14.02120304107666
2022-12-29,87.72494506835938,119.3236083984375,234.84620666503906,14.587606430053711
2022-12-30,87.50676727294922,119.40298461914062,233.68666076660156,14.59859561920166
2023-01-03,88.38946533203125,123.76872253417969,233.4528045654297,14.299909591674805
2023-01-04,87.35797882080078,126.37826538085938,223.24082946777344,14.733452796936035
2023-01-05,85.4933853149414,125.95160675048828,216.62448120117188,14.249963760375977
2023-01-06,86.62405395507812,129.0076141357422,219.17745971679688,14.84333610534668
2023-01-09,87.29846954345703,128.46188354492188,221.31146240234375,15.611526489257812
2023-01-10,87.69519805908203,131.95449829101562,222.99725341796875,15.892229080200195
2023-01-11,90.76978302001953,131.85528564453125,229.74024963378906,15.984131813049316
2023-01-12,90.38298797607422,135.6455535888672,232.41014099121094,16.493593215942383
2023-01-13,91.3648681640625,135.91342163085938,233.11172485351562,16.881183624267578
2023-01-17,90.54167938232422,134.3060302734375,234.2030792236328,17.68334197998047
2023-01-18,90.37307739257812,131.98426818847656,229.7792205810547,17.358684539794922
2023-01-19,92.2872543334961,135.0898895263672,225.99847412109375,16.747325897216797
2023-01-20,97.21650695800781,138.28480529785156,234.07644653320312,17.82019805908203
2023-01-23,98.97200012207031,142.15443420410156,236.37608337402344,19.172767639160156
2023-01-24,96.89913177490234,142.02545166015625,235.8498992919922,19.244691848754883
2023-01-25,94.439453125,140.39820861816406,234.45648193359375,19.302627563476562
2023-01-26,96.72059631347656,146.15304565429688,241.65745544433594,19.781126022338867
2023-01-27,98.55543518066406,150.55850219726562,241.81336975097656,20.34353256225586
2023-01-30,96.1453628540039,145.91493225097656,236.50274658203125,19.141803741455078
2023-01-31,98.02978515625,147.81007385253906,241.4723358154297,19.516407012939453
2023-02-01,99.60676574707031,151.92774963378906,246.2859649658203,20.920923233032227
2023-02-02,106.85682678222656,187.30015563964844,257.8329162597656,21.686111450195312
2023-02-03,103.92108154296875,185.07760620117188,251.7427520751953,21.0777587890625
2023-02-06,102.05650329589844,184.61126708984375,250.2031707763672,21.0667724609375
2023-02-07,106.75764465332031,190.12799072265625,260.7171630859375,22.149625778198242
2023-02-08,98.55543518066406,182.00173950195312,259.908447265625,22.181591033935547
2023-02-09,94.23118591308594,176.53465270996094,256.8780212402344,22.31345558166504
2023-02-10,93.79479217529297,172.79400634765625,256.3713073730469,21.242582321166992
2023-02-13,93.83445739746094,178.03286743164062,264.38104248046875,21.765031814575195
2023-02-14,93.90389251708984,178.08250427246094,265.2093811035156,22.94678497314453
2023-02-15,96.1453628540039,175.78057861328125,263.08953857421875,22.74000358581543
2023-02-16,94.72708892822266,171.0972900390625,256.0853271484375,21.978809356689453
2023-02-17,93.57658386230469,171.5338897705078,252.08999633789062,21.36545753479004
2023-02-21,91.03756713867188,170.7401123046875,246.82467651367188,20.633228302001953
2023-02-22,90.89871978759766,169.78759765625,245.6915283203125,20.73212432861328
2023-02-23,90.14495086669922,170.70040893554688,248.87612915039062,23.639053344726562
2023-02-24,88.39937591552734,169.0632781982422,243.45449829101562,23.261455535888672
2023-02-27,89.13330841064453,168.21986389160156,244.37278747558594,23.476226806640625
2023-02-28,89.32176208496094,173.57786560058594,243.64990234375,23.1915283203125
2023-03-01,89.61929321289062,172.0697021484375,240.57276916503906,22.674074172973633
2023-03-02,91.24585723876953,173.17105102539062,245.30079650878906,23.2894229888916
2023-03-03,92.88232421875,183.80755615234375,249.3841094970703,23.864816665649414
2023-03-06,94.3501968383789,183.46029663085938,250.9275360107422,23.529170989990234
2023-03-07,93.09061431884766,183.07333374023438,248.27044677734375,23.267406463623047
2023-03-08,93.47740936279297,183.5297393798828,247.83087158203125,24.15961265563965
2023-03-09,91.56322479248047,180.27529907226562,246.4828338623047,23.415271759033203
2023-03-10,89.88707733154297,178.1122589111328,242.839111328125,22.94468879699707
2023-03-13,90.36315155029297,179.491455078125,248.04580688476562,22.9456844329834
2023-03-14,93.19969940185547,192.50929260253906,254.75686645507812,24.041719436645508
2023-03-15,95.3221664428711,196.2102508544922,259.29925537109375,24.206571578979492
2023-03-16,99.49765014648438,203.33433532714844,269.8104248046875,25.518409729003906
2023-03-17,100.7870101928711,194.0869140625,272.96563720703125,25.702247619628906
2023-03-20,100.39028930664062,196.269775390625,265.93218994140625,25.87708854675293
2023-03-21,104.05994415283203,200.5858917236328,267.4462890625,26.175830841064453
2023-03-22,102.52265167236328,198.2541961669922,265.9908447265625,26.44458770751953
2023-03-23,104.73438262939453,202.68939208984375,271.236572265625,27.16695213317871
2023-03-24,104.57568359375,204.40591430664062,274.0792236328125,26.75531768798828
2023-03-27,101.62010955810547,201.2606201171875,269.9861755371094,26.507537841796875
2023-03-28,100.20182800292969,199.11741638183594,268.86279296875,26.38664436340332
2023-03-29,100.55887603759766,203.75106811523438,274.0206604003906,26.960132598876953
2023-03-30,100.06297302246094,206.22171020507812,277.478759765625,27.358781814575195
2023-03-31,102.87969970703125,210.28973388671875,281.63043212890625,27.752431869506836
2023-04-03,103.5045394897461,211.4109649658203,280.5852355957031,27.94026756286621
2023-04-04,103.86158752441406,213.04812622070312,280.5362854003906,27.4287166595459
2023-04-05,103.61363220214844,209.83334350585938,277.7620849609375,26.857221603393555
2023-04-06,107.53125762939453,214.41734313964844,284.8540954589844,27.013086318969727
2023-04-10,105.56748962402344,213.077880859375,282.6952819824219,27.554607391357422
2023-04-11,104.48641967773438,212.1848907470703,276.28692626953125,27.144969940185547
2023-04-12,103.78223419189453,212.33370971679688,276.93170166015625,26.471567153930664
2023-04-13,106.54938507080078,218.63427734375,283.1347961425781,26.439592361450195
2023-04-14,107.97756958007812,219.76539611816406,279.5204162597656,26.734333038330078
2023-04-17,105.1013412475586,217.15586853027344,282.1188659667969,26.978116989135742
2023-04-18,103.64338684082031,216.1934051513672,281.6988220214844,27.642528533935547
2023-04-19,103.32601928710938,214.02049255371094,281.77703857421875,27.906291961669922
2023-04-20,104.42691040039062,211.4109649658203,279.4910888671875,27.080026626586914
2023-04-21,104.54593658447266,211.2323455810547,279.149169921875,27.09501075744629
2023-04-24,105.1013412475586,211.13311767578125,275.25152587890625,27.018083572387695
2023-04-25,102.99871063232422,205.9339599609375,269.0484313964844,26.217790603637695
2023-04-26,102.85986328125,207.76954650878906,288.536865234375,26.932157516479492
2023-04-27,106.70806121826172,236.70248413085938,297.7780456542969,27.201919555664062
2023-04-28,106.46009826660156,238.4487762451172,300.1518249511719,27.724458694458008
2023-05-01,106.32124328613281,241.2864990234375,298.4911193847656,28.884428024291992
2023-05-02,104.45665740966797,237.37718200683594,298.3446044921875,28.185049057006836
2023-05-03,104.54593658447266,235.18438720703125,297.35797119140625,27.77741050720215
2023-05-04,103.83184051513672,231.7017364501953,298.3446044921875,27.537620544433594
2023-05-05,104.70460510253906,230.9674835205078,303.4634094238281,28.654632568359375
2023-05-08,106.88658905029297,231.45367431640625,301.5096130371094,29.125213623046875
2023-05-09,106.47002410888672,231.55287170410156,299.8978576660156,28.54572868347168
2023-05-10,110.8339614868164,231.26516723632812,305.0849914550781,28.859451293945312
2023-05-11,115.61445617675781,233.95404052734375,302.9359130859375,28.552719116210938
2023-05-12,116.5467529296875,231.98947143554688,301.822265625,28.31493377685547
2023-05-15,115.55493927001953,237.00015258789062,302.3009033203125,28.927392959594727
2023-05-16,118.53035736083984,236.96047973632812,304.5282287597656,29.187164306640625
2023-05-17,119.84944152832031,240.60189819335938,307.40643310546875,30.15130615234375
2023-05-18,121.82313537597656,244.92794799804688,311.83148193359375,31.649980545043945
2023-05-19,121.75371551513672,243.72735595703125,311.65533447265625,31.236347198486328
2023-05-22,124.02493286132812,246.386474609375,314.4356384277344,31.148426055908203
2023-05-23,121.55533599853516,244.81881713867188,308.6399841308594,30.660858154296875
2023-05-24,119.90895080566406,247.26954650878906,307.25958251953125,30.5109920501709
2023-05-25,122.46781158447266,250.72247314453125,319.0761413574219,37.94640350341797
2023-05-26,123.58853912353516,259.99969482421875,325.8997802734375,38.91155242919922
2023-05-30,122.65625762939453,260.47589111328125,324.25506591796875,40.07551956176758
2023-05-31,121.86280822753906,262.6588134765625,321.4942626953125,37.800537109375
2023-06-01,122.7058334350586,270.4873962402344,325.59625244140625,39.734825134277344
2023-06-02,123.64803314208984,270.4873962402344,328.3570556640625,39.29221725463867
2023-06-05,124.97706604003906,269.27691650390625,328.8857727050781,39.136356353759766
2023-06-06,126.26639556884766,269.0090026855469,326.6732177734375,38.619815826416016
2023-06-07,121.49584197998047,261.5475158691406,316.5894470214844,37.44572067260742
2023-06-08,121.1387939453125,262.51983642578125,318.42999267578125,38.479923248291016
2023-06-09,121.2280502319336,262.88702392578125,319.92791748046875,38.739715576171875
2023-06-12,122.62648010253906,268.93951416015625,324.881591796875,39.4511604309082
2023-06-13,122.81493377685547,269.2073974609375,327.2703552246094,40.98996353149414
2023-06-14,122.65625762939453,271.2215881347656,330.2563171386719,42.96342086791992
2023-06-15,124.06460571289062,279.6355285644531,340.7903137207031,42.619686126708984
2023-06-16,122.51740264892578,278.81207275390625,335.1415710449219,42.65864944458008
2023-06-20,122.09091186523438,282.1160888671875,330.9513854980469,43.77378845214844
2023-06-21,119.56182098388672,279.4470520019531,326.5556945800781,43.01137924194336
2023-06-22,122.14051055908203,282.6618347167969,332.5765380859375,42.99139404296875
2023-06-23,121.33714294433594,286.48187255859375,327.9850158691406,42.176025390625
2023-06-26,117.36992645263672,276.3017272949219,321.6999206542969,40.60026550292969
2023-06-27,117.36002349853516,284.81488037109375,327.54449462890625,41.84328842163086
2023-06-28,119.19485473632812,283.0686340332031,328.7976379394531,41.08488845825195
2023-06-29,118.12370300292969,279.3379211425781,328.0143737792969,40.79011154174805
2023-06-30,118.71878814697266,284.7454833984375,333.3891906738281,42.26895523071289
2023-07-03,118.91715240478516,283.7929382324219,330.89263916015625,42.3798713684082
2023-07-05,120.75198364257812,292.0779113769531,331.0493469238281,42.28395080566406
2023-07-06,119.12542724609375,289.7164306640625,334.10382080078125,42.07011795043945
2023-07-07,118.50060272216797,288.267822265625,330.13885498046875,42.46980667114258
2023-07-10,115.49542999267578,291.81005859375,324.86199951171875,42.14706039428711
2023-07-11,116.17976379394531,295.9674072265625,325.4886169433594,42.37187957763672
2023-07-12,117.95510864257812,306.9313659667969,330.1192932128906,43.86770248413086
2023-07-13,123.51911926269531,310.9696350097656,335.4646301269531,45.94108963012695
2023-07-14,124.39190673828125,306.4650573730469,337.99041748046875,45.43348693847656
2023-07-17,123.62821197509766,308.201416015625,338.47015380859375,46.42470932006836
2023-07-18,122.74549865722656,309.6202087402344,351.941162109375,47.45690155029297
2023-07-19,121.0296859741211,313.5494384765625,347.6238708496094,47.040225982666016
2023-07-20,118.2228775024414,300.1644592285156,339.586181640625,45.484439849853516
2023-07-21,119.03617095947266,291.96881103515625,336.5513000488281,44.27438735961914
2023-07-24,120.5337905883789,289.3393859863281,337.8631286621094,44.5771484375
2023-07-25,121.20821380615234,292.1771240234375,343.60992431640625,45.64331817626953
2023-07-26,128.21034240722656,296.2452392578125,330.6773681640625,45.4164924621582
2023-07-27,128.33924865722656,309.28289794921875,323.77532958984375,45.8641471862793
2023-07-28,131.49319458007812,322.9456787109375,331.2646789550781,46.71348190307617
2023-07-31,131.632080078125,316.1192626953125,328.8661804199219,46.69249725341797
2023-08-01,130.47166442871094,320.1972351074219,329.2773132324219,46.47067642211914
2023-08-02,127.32764434814453,311.8626403808594,320.6229248046875,44.23442459106445
2023-08-03,127.39705657958984,310.75140380859375,319.8005676269531,44.48023223876953
2023-08-04,127.05985260009766,308.31060791015625,320.8970947265625,44.64509963989258
2023-08-07,130.45179748535156,314.0951232910156,323.1781005859375,45.381526947021484
2023-08-08,130.3228759765625,310.2057189941406,319.20330810546875,44.62911605834961
2023-08-09,128.59715270996094,302.8335266113281,315.4636535644531,42.5207633972168
2023-08-10,128.62692260742188,303.3594055175781,316.14892578125,42.354896545410156
2023-08-11,128.49794006347656,299.29132080078125,314.269287109375,40.82309341430664
2023-08-14,130.2534637451172,303.8059387207031,317.2356262207031,43.71882629394531
2023-08-15,128.71617126464844,299.5989074707031,315.10137939453125,43.905677795410156
2023-08-16,127.6449966430664,291.9985656738281,314.336181640625,43.45203399658203
2023-08-17,128.85499572753906,282.87017822265625,310.8828125,43.310142517089844
2023-08-18,126.4151840209961,281.04449462890625,310.4903869628906,43.26517868041992
2023-08-21,127.31771850585938,287.6427307128906,315.78814697265625,46.930320739746094
2023-08-22,128.0218963623047,285.3606262207031,316.3572082519531,45.63233184814453
2023-08-23,131.28494262695312,291.9488830566406,320.811279296875,47.07920455932617
2023-08-24,128.71617126464844,284.51727294921875,313.9142761230469,47.12615966796875
2023-08-25,128.81533813476562,283.2769775390625,316.8673095703125,45.982059478759766
2023-08-28,129.93606567382812,287.9999084472656,317.5736999511719,46.798423767089844
2023-08-29,133.46690368652344,295.66973876953125,322.19451904296875,48.74589538574219
2023-08-30,134.7661590576172,292.80224609375,322.5673522949219,49.22551345825195
2023-08-31,135.05377197265625,293.58612060546875,321.55682373046875,49.31644821166992
2023-09-01,134.54795837402344,294.072265625,322.4398193359375,48.471107482910156
2023-09-05,134.65708923339844,297.8128967285156,327.2372131347656,48.51007843017578
2023-09-06,133.35781860351562,296.840576171875,326.5799865722656,47.028114318847656
2023-09-07,134.15122985839844,296.34442138671875,323.6661376953125,46.20869064331055
2023-09-08,135.26205444335938,295.5705261230469,327.9435729980469,45.540157318115234
2023-09-11,135.7976531982422,305.16522216796875,331.5442199707031,45.14643096923828
2023-09-12,134.23060607910156,299.3111877441406,325.4909973144531,44.838645935058594
2023-09-13,135.58937072753906,302.6846923828125,329.6997375488281,45.45322036743164
2023-09-14,136.9679718017578,309.2928466796875,332.2897644042969,45.54916000366211
2023-09-15,136.27369689941406,297.9716491699219,323.97027587890625,43.869319915771484
2023-09-18,137.07705688476562,300.1942443847656,322.832275390625,43.935279846191406
2023-09-19,136.908447265625,302.694580078125,322.4300537109375,43.48958969116211
2023-09-20,132.64370727539062,297.3367004394531,314.69915771484375,42.2094841003418
2023-09-21,129.37074279785156,293.4273681640625,313.4826354980469,40.98834228515625
2023-09-22,129.1822967529297,296.7512512207031,311.0103454589844,41.58092498779297
2023-09-25,130.03526306152344,298.4876403808594,311.5302429199219,42.192501068115234
2023-09-26,127.51609802246094,296.6321716308594,306.23248291015625,41.881717681884766
2023-09-27,129.46995544433594,295.42169189453125,306.8702087402344,42.43832015991211
2023-09-28,131.2254180908203,301.5932312011719,307.70416259765625,43.05888748168945
2023-09-29,129.7873077392578,297.8724670410156,309.7742004394531,43.46860122680664
2023-10-02,133.07017517089844,304.43096923828125,315.7096252441406,44.75070571899414
2023-10-03,131.3444366455078,298.5968017578125,307.4588317871094,43.48658752441406
2023-10-04,134.13140869140625,303.2005920410156,312.9233703613281,44.010231018066406
2023-10-05,133.96279907226562,302.41680908203125,313.3158264160156,44.656776428222656
2023-10-06,136.4522247314453,312.97393798828125,321.0663146972656,45.730018615722656
2023-10-09,137.28533935546875,315.8811340332031,323.5779113769531,45.24135971069336
2023-10-10,136.92828369140625,319.3340148925781,322.1749572753906,45.7660026550293
2023-10-11,139.39788818359375,325.2674865722656,326.128662109375,46.77328872680664
2023-10-12,137.83082580566406,321.6359558105469,324.8925476074219,46.912193298339844
2023-10-13,136.23403930664062,312.2397155761719,321.5274353027344,45.429229736328125
2023-10-16,137.9597930908203,318.6494140625,326.3445129394531,46.06279373168945
2023-10-17,138.57467651367188,321.4772033691406,325.7755126953125,43.90730285644531
2023-10-18,136.8291015625,314.501953125,323.8623352050781,42.166507720947266
2023-10-19,136.62081909179688,310.37432861328125,325.0495300292969,42.071590423583984
2023-10-20,134.48846435546875,306.2467041015625,320.4875183105469,41.35808181762695
2023-10-23,135.38107299804688,311.5650329589844,323.08734130859375,42.944976806640625
2023-10-24,137.67213439941406,310.1163635253906,324.27447509765625,43.63249588012695
2023-10-25,124.5803451538086,297.1977844238281,334.2225646972656,41.74980545043945
2023-10-26,121.27764892578125,286.10479736328125,321.6844482421875,40.297821044921875
2023-10-27,121.16854095458984,294.4195556640625,323.56805419921875,40.47169876098633
2023-10-30,123.43978118896484,300.3034362792969,330.9261169433594,41.132240295410156
2023-10-31,123.0628890991211,298.9241943359375,331.7109375,40.751502990722656
2023-11-01,125.41345977783203,309.4218444824219,339.5203552246094,42.29542922973633
2023-11-02,126.44493865966797,308.4494323730469,341.7277526855469,43.47559356689453
2023-11-03,128.041748046875,312.1503601074219,346.1229248046875,44.97355270385742
2023-11-06,129.1822967529297,313.3410949707031,349.7824401855469,45.71903991699219
2023-11-07,129.8964080810547,316.33758544921875,353.7066650390625,45.92289352416992
2023-11-08,130.75927734375,317.2900695800781,356.3261413574219,46.54145812988281
2023-11-09,129.17239379882812,318.0540466308594,353.8636474609375,46.91719436645508
2023-11-10,131.50311279296875,326.21002197265625,362.6737060546875,48.30122375488281
2023-11-13,131.00723266601562,326.6268005371094,359.7402648925781,48.586021423339844
2023-11-14,132.52467346191406,333.69134521484375,363.2622985839844,49.621307373046875
2023-11-15,133.51651000976562,330.119384765625,363.4097900390625,48.85383224487305
2023-11-16,135.80755615234375,331.587890625,369.7997131347656,49.44542694091797
2023-11-17,134.20082092285156,332.4312744140625,363.58673095703125,49.263553619384766
2023-11-20,135.1331329345703,337.3228759765625,371.04815673828125,50.373775482177734
2023-11-21,135.8472442626953,334.3561096191406,366.7522277832031,49.90910339355469
2023-11-22,137.35475158691406,338.8310546875,371.4513244628906,48.68195343017578
2023-11-24,135.5695343017578,335.5964660644531,371.038330078125,47.74261474609375
2023-11-27,135.29180908203125,332.0939025878906,372.1983642578125,48.208290100097656
2023-11-28,136.0753173828125,336.3504943847656,376.2191162109375,47.78757858276367
2023-11-29,133.88345336914062,329.6134033203125,372.4342956542969,48.10635757446289
2023-11-30,131.44361877441406,324.6026611328125,372.49334716796875,46.73731994628906
2023-12-01,130.7790985107422,322.2908630371094,368.16790771484375,46.73231887817383
2023-12-04,128.21034240722656,317.5281982421875,362.8887634277344,45.47819519042969
2023-12-05,129.91624450683594,315.81170654296875,366.2115173339844,46.537559509277344
2023-12-06,128.9542236328125,314.97821044921875,362.5545349121094,45.47520065307617
2023-12-07,135.80755615234375,324.0470275878906,364.6681213378906,46.56753158569336
2023-12-08,133.88345336914062,330.1590881347656,367.8925476074219,47.47697830200195
2023-12-11,132.1973876953125,322.7472229003906,365.0121765136719,46.59851837158203
2023-12-12,131.4337158203125,331.61761474609375,368.0400085449219,47.627891540527344
2023-12-13,131.48330688476562,332.1335754394531,368.0301818847656,48.058624267578125
2023-12-14,130.85845947265625,330.5758056640625,359.733154296875,48.32046127319336
2023-12-15,131.5130615234375,332.31219482421875,364.4518127441406,48.860130310058594
2023-12-18,134.68678283691406,341.9366455078125,366.3393249511719,50.046409606933594
2023-12-19,135.5298309326172,347.6319885253906,366.93896484375,49.573692321777344
2023-12-20,137.20599365234375,346.5603942871094,364.3437194824219,48.08161544799805
2023-12-21,139.26895141601562,351.3329162597656,367.2142333984375,48.9600715637207
2023-12-22,140.33016967773438,350.6383972167969,368.2366638183594,48.8001708984375
2023-12-26,140.35995483398438,352.0671081542969,368.3152770996094,49.248897552490234
2023-12-27,139.2193603515625,355.04376220703125,367.7352294921875,49.386810302734375
2023-12-28,139.08050537109375,355.5299987792969,368.9247741699219,49.49175262451172
2023-12-29,138.544921875,351.2039489746094,369.6719665527344,49.49175262451172
2024-01-02,137.03738403320312,343.5937194824219,364.5894470214844,48.138572692871094
2024-01-03,137.7812042236328,341.787841796875,364.3240661621094,47.539939880371094
2024-01-04,135.27197265625,344.417236328125,361.7091064453125,47.96868133544922
2024-01-05,134.6173858642578,349.2096252441406,361.5223083496094,49.06700897216797
2024-01-08,137.70188903808594,355.8673400878906,368.3447570800781,52.2210807800293
2024-01-09,139.7946014404297,354.6468811035156,369.4261779785156,53.10753631591797
2024-01-10,141.1136932373047,367.5853576660156,376.28790283203125,54.316795349121094
2024-01-11,140.91534423828125,366.7916259765625,378.1164245605469,54.78850555419922
2024-01-12,141.48065185546875,371.5740661621094,381.8913879394531,54.67657470703125
2024-01-16,141.32196044921875,364.59881591796875,383.6609191894531,56.34755325317383
2024-01-17,140.3103485107422,365.5017395019531,382.87445068359375,56.018760681152344
2024-01-18,142.30384826660156,373.2012939453125,387.199951171875,57.072113037109375
2024-01-19,145.18011474609375,380.46435546875,391.9186706542969,59.45465850830078
2024-01-22,144.79330444335938,378.8073425292969,389.7952575683594,59.6175651550293
2024-01-23,145.83468627929688,382.2007141113281,392.1447448730469,59.83642578125
2024-01-24,147.4810791015625,387.65789794921875,395.7427673339844,61.32451629638672
2024-01-25,150.62506103515625,390.1185302734375,398.013671875,61.57935333251953
2024-01-26,150.9424591064453,391.071044921875,397.0896301269531,60.99371337890625
2024-01-29,152.2516326904297,397.89752197265625,402.7815246582031,62.426841735839844
2024-01-30,150.2184600830078,396.9449462890625,401.6706848144531,62.73564529418945
2024-01-31,138.95156860351562,387.1022033691406,390.84716796875,61.489410400390625
2024-02-01,140.00289916992188,391.7060852050781,396.9421691894531,62.98849105834961
2024-02-02,141.212890625,471.29150390625,404.25616455078125,66.11959075927734
2024-02-05,142.50221252441406,455.8328552246094,398.780517578125,69.2896499633789
2024-02-06,142.91879272460938,451.1793518066406,398.6231384277344,68.18132019042969
2024-02-07,144.34695434570312,465.93359375,407.0381774902344,70.05616760253906
2024-02-08,144.71395874023438,466.3403625488281,407.09722900390625,69.59844970703125
2024-02-09,147.7786102294922,464.46514892578125,413.4281921386719,72.08894348144531
2024-02-12,146.3206787109375,465.24896240234375,408.2277526855469,72.20387268066406
2024-02-13,143.95025634765625,456.537353515625,399.43914794921875,72.08393859863281
2024-02-14,144.7436981201172,469.5948791503906,403.29986572265625,73.85486602783203
2024-02-15,141.5996856689453,480.2611999511719,400.4141540527344,72.61361694335938
2024-02-16,139.36813354492188,469.6345520019531,397.95196533203125,72.5686264038086
2024-02-20,139.96319580078125,468.0767822265625,396.7012023925781,69.4095687866211
2024-02-21,141.38148498535156,464.8785095214844,396.1003723144531,67.43077850341797
2024-02-22,142.9088592529297,482.85662841796875,405.42724609375,78.49002075195312
2024-02-23,142.7799072265625,480.770751953125,404.136962890625,78.76884460449219
2024-02-26,136.44232177734375,478.49615478515625,401.37939453125,79.04369354248047
2024-02-27,137.74156188964844,483.7703857421875,401.32025146484375,78.65291595458984
2024-02-28,135.26205444335938,480.76080322265625,401.556640625,77.61555480957031
2024-02-29,137.3250274658203,486.82965087890625,407.38714599609375,79.06366729736328
2024-03-01,136.0158233642578,498.9176940917969,409.2190246582031,82.22872924804688
2024-03-04,132.2569122314453,494.83538818359375,408.6477966308594,85.18492126464844
2024-03-05,131.58245849609375,486.9190673828125,396.5632629394531,85.91551971435547
2024-03-06,130.3228759765625,492.74951171875,396.0117492675781,88.64997100830078
2024-03-07,133.2784881591797,508.7411193847656,402.9552001953125,92.6167221069336
2024-03-08,134.30001831054688,502.54315185546875,400.07928466796875,87.47863006591797
2024-03-11,136.54148864746094,480.33367919921875,398.4049987792969,85.72563171386719
2024-03-12,137.3647003173828,496.3848876953125,409.0023498535156,91.86116027832031
2024-03-13,138.6440887451172,492.2330322265625,408.8251037597656,90.83673095703125
2024-03-14,141.92697143554688,488.5181579589844,418.7920837402344,87.8943862915039
2024-03-15,140.02268981933594,480.8403015136719,410.1251220703125,87.78746032714844
2024-03-18,146.46942138671875,493.633544921875,411.011474609375,88.40511322021484
2024-03-19,145.8247528076172,492.8984375,415.0396728515625,89.34758758544922
2024-03-20,147.520751953125,502.1159973144531,418.8019104003906,90.32102966308594
2024-03-21,146.3900909423828,504.3409423828125,422.87933349609375,91.3834228515625
2024-03-22,149.5341033935547,506.148681640625,422.2588806152344,94.2358169555664
2024-03-25,148.83984375,499.6329040527344,416.4677429199219,94.94841003417969
2024-03-26,149.43492126464844,492.5508728027344,415.2760314941406,92.50880432128906
2024-03-27,149.63327026367188,490.5345153808594,415.05938720703125,90.19910430908203
2024-03-28,149.69277954101562,482.310302734375,414.36004638671875,90.3050308227539
2024-04-01,154.2154083251953,488.0414123535156,418.15191650390625,90.31202697753906
2024-04-02,153.29302978515625,494.0209045410156,415.0692443847656,89.40155029296875
2024-04-03,153.65008544921875,503.3277893066406,414.09417724609375,88.91382598876953
2024-04-04,149.2960662841797,507.4796447753906,411.5630798339844,85.85653686523438
2024-04-05,151.2499237060547,523.7891845703125,419.0875549316406,87.9583740234375
2024-04-08,153.5806427001953,515.7535400390625,418.1716003417969,87.08385467529297
2024-04-09,155.31631469726562,513.41943359375,419.8360595703125,85.30584716796875
2024-04-10,154.86007690429688,516.3296508789062,416.8616943359375,86.98991394042969
2024-04-11,158.10325622558594,519.63720703125,421.46112060546875,90.56488800048828
2024-04-12,156.43704223632812,508.4530944824219,415.5222473144531,88.13626861572266
2024-04-15,153.590576171875,496.8616638183594,407.38714599609375,85.9524917602539
2024-04-16,153.13433837890625,496.3948059082031,408.3128967285156,87.3656997680664
2024-04-17,154.19558715820312,490.8424072265625,405.61431884765625,83.98759460449219
2024-04-18,154.73114013671875,498.4210510253906,398.1587829589844,84.62322998046875
2024-04-19,152.82687377929688,477.83062744140625,393.08660888671875,76.15702819824219
2024-04-22,154.9989471435547,478.4862365722656,394.8988037109375,79.47314453125
2024-04-23,156.9626922607422,492.75946044921875,401.4089050292969,82.37651062011719
2024-04-24,157.82557678222656,490.1769714355469,402.8763732910156,79.63206481933594
2024-04-25,154.7212371826172,438.4079284667969,393.0078430175781,82.58538818359375
2024-04-26,170.54049682617188,440.3050842285156,400.1777648925781,87.6855239868164
2024-04-29,164.78802490234375,429.7068786621094,396.1693115234375,87.70751953125
2024-04-30,161.44564819335938,427.2734680175781,383.44464111328125,86.353271484375
2024-05-01,162.5167999267578,436.2326354980469,388.96978759765625,82.99414825439453
2024-05-02,165.25416564941406,438.7059020996094,391.82598876953125,85.76859283447266
2024-05-03,165.86911010742188,448.9166564941406,400.5125732421875,88.7389144897461
2024-05-06,166.72206115722656,462.54425048828125,407.28863525390625,92.0880355834961
2024-05-07,169.84622192382812,465.0870361328125,403.1521301269531,90.50292205810547
2024-05-08,167.99156188964844,469.417724609375,404.3339538574219,90.36101531982422
2024-05-09,168.56680297851562,472.21875,406.0871276855469,88.69696044921875
2024-05-10,167.26754760742188,472.99346923828125,408.4705810546875,89.82730102539062
2024-05-13,167.75352478027344,464.85858154296875,407.4659423828125,90.3480224609375
2024-05-14,168.9436798095703,468.6727600097656,410.2629699707031,91.30447387695312
2024-05-15,171.0959014892578,478.2974853515625,417.4360046386719,94.57662963867188
2024-05-16,172.75218200683594,470.04345703125,415.3738708496094,94.3057861328125
2024-05-17,174.61680603027344,468.7323303222656,414.60430908203125,92.42684173583984
2024-05-20,175.46974182128906,465.6829833984375,419.66583251953125,94.72655487060547
2024-05-21,176.39212036132812,461.5013732910156,423.3165588378906,95.33219909667969
2024-05-22,174.93417358398438,464.63018798828125,424.7767333984375,94.89644622802734
2024-05-23,172.12734985351562,462.64361572265625,421.3037109375,103.74047088623047
2024-05-24,173.55557250976562,474.99981689453125,424.4215393066406,106.40895080566406
2024-05-28,174.95396423339844,476.68841552734375,424.5794372558594,113.83676147460938
2024-05-29,174.45811462402344,471.165771484375,423.4447937011719,114.76022338867188
2024-05-30,170.6991729736328,463.905029296875,409.1382751464844,110.43767547607422
2024-05-31,171.0859832763672,463.6864929199219,409.5920715332031,109.57115936279297
2024-06-03,171.75048828125,474.2747497558594,408.0035400390625,114.93513488769531
2024-06-04,172.36538696289062,473.77813720703125,410.51953125,116.37133026123047
2024-06-05,173.97213745117188,491.72650146484375,418.3536071777344,122.3709487915039
2024-06-06,175.2812957763672,490.4352111816406,418.8567810058594,120.92974853515625
2024-06-07,173.02989196777344,489.6405944824219,418.19573974609375,120.81981658935547
2024-06-10,173.7746124267578,499.2156982421875,422.1621398925781,121.7213134765625
2024-06-11,175.3732452392578,504.0528869628906,426.907958984375,120.85173034667969
2024-06-12,176.53500366210938,505.4136962890625,435.1761779785156,125.13966369628906
2024-06-13,173.92356872558594,500.7055969238281,435.689208984375,129.5475311279297
2024-06-14,175.5420379638672,501.26239013671875,436.66607666015625,131.8164520263672
2024-06-17,175.98887634277344,503.7181396484375,442.38861083984375,130.9168701171875
2024-06-18,173.85403442382812,496.61920166015625,440.3856506347656,135.5146484375
2024-06-20,175.0555419921875,498.8165283203125,439.7542419433594,130.7169647216797
2024-06-21,178.36199951171875,491.9362487792969,443.7798156738281,126.50900268554688
2024-06-24,177.95489501953125,496.04254150390625,441.697998046875,118.05307006835938
2024-06-25,182.73094177246094,507.66534423828125,444.9342041015625,126.02923583984375
2024-06-26,182.58201599121094,510.1708679199219,446.12811279296875,126.3390884399414
2024-06-27,184.10121154785156,516.5738525390625,446.8088684082031,123.93024444580078
2024-06-28,180.86422729492188,501.322021484375,440.98760986328125,123.48046112060547
2024-07-01,181.6982879638672,501.77935791015625,450.6371154785156,124.2400894165039
2024-07-02,183.9324188232422,506.57171630859375,453.1531066894531,122.61087799072266
2024-07-03,184.50831604003906,507.02899169921875,454.6231994628906,128.21817016601562
2024-07-05,189.2545623779297,536.806884765625,461.3226623535156,125.76937103271484
2024-07-08,187.69564819335938,526.2777709960938,460.020263671875,128.13821411132812
2024-07-09,187.64601135253906,526.953857421875,453.4096374511719,131.3166961669922
2024-07-10,189.8304443359375,531.6168823242188,460.0301208496094,134.84498596191406
2024-07-11,184.2600860595703,509.7532958984375,448.63421630859375,127.3386001586914
2024-07-12,183.7635955810547,496.0027770996094,447.4995422363281,129.17771911621094
2024-07-15,185.21328735351562,493.308349609375,447.9040832519531,128.37808227539062
2024-07-16,182.62171936035156,486.9749755859375,443.52325439453125,126.29910278320312
2024-07-17,179.7421875,459.334716796875,437.6033020019531,117.9331283569336
2024-07-18,176.4357147216797,473.1151123046875,434.4953918457031,121.0316390991211
2024-07-19,176.40589904785156,474.0496520996094,431.27886962890625,117.8731689453125
2024-07-22,180.38760375976562,484.59869384765625,437.0310363769531,123.48046112060547
2024-07-23,180.50677490234375,485.8812561035156,438.91558837890625,122.53092193603516
2024-07-24,171.41140747070312,458.6188659667969,423.1783447265625,114.19493865966797
2024-07-25,166.09918212890625,450.8040466308594,412.81842041015625,112.22589111328125
2024-07-26,165.82118225097656,463.0234375,419.59674072265625,113.00550842285156
2024-07-29,168.33328247070312,463.0333557128906,421.0373229980469,111.53621673583984
2024-07-30,169.08792114257812,460.5278625488281,417.27813720703125,103.68000030517578
2024-07-31,170.3291015625,472.1009521484375,412.76910400390625,116.96359252929688
2024-08-01,169.55459594726562,494.87921142578125,411.545654296875,109.15736389160156
2024-08-02,165.48355102539062,485.3344421386719,403.0406494140625,107.21829223632812
2024-08-05,158.12586975097656,472.9958190917969,389.8785705566406,100.40159606933594
2024-08-06,157.17263793945312,491.2502746582031,394.279052734375,104.19976806640625
2024-08-07,157.81805419921875,486.1099548339844,393.1148376464844,98.8623275756836
2024-08-08,160.88623046875,506.7009582519531,397.3180236816406,104.9194107055664
2024-08-09,162.51466369628906,514.7942504882812,400.60357666015625,104.69952392578125
2024-08-12,161.14439392089844,512.9846801757812,401.3830871582031,108.96745300292969
2024-08-13,163.00120544433594,525.5022583007812,408.487060546875,116.08403015136719
2024-08-14,159.2379608154297,523.732421875,411.2989807128906,118.02310180664062
2024-08-15,160.16139221191406,534.2417602539062,416.162109375,122.80079650878906
2024-08-16,161.8096923828125,524.388671875,413.6317138671875,124.51995849609375
2024-08-19,165.4934844970703,526.2380981445312,416.65631103515625,129.9373779296875
2024-08-20,165.99986267089844,523.70263671875,419.8885192871094,127.18868255615234
2024-08-21,164.67930603027344,532.0841674804688,419.2362060546875,128.4380645751953
2024-08-22,162.64373779296875,528.8726806640625,410.74542236328125,123.68035888671875
2024-08-23,164.45089721679688,524.96533203125,411.97113037109375,129.30764770507812
2024-08-26,164.98709106445312,518.1249389648438,408.70928955078125,126.3990478515625
2024-08-27,163.5175323486328,516.1165161132812,409.0552673339844,128.23817443847656
2024-08-28,161.700439453125,513.8098754882812,405.85272216796875,125.54946899414062
2024-08-29,160.6379852294922,515.2415161132812,408.3435363769531,117.5333251953125
2024-08-30,162.22669982910156,518.3137817382812,412.31707763671875,119.3124771118164
2024-09-03,156.2491912841797,508.8186950683594,404.7060852050781,107.94795989990234
2024-09-04,155.3456268310547,509.79302978515625,404.1723327636719,106.15882110595703
2024-09-05,156.13003540039062,513.8893432617188,403.6682434082031,107.15833282470703
2024-09-06,149.85467529296875,497.3947448730469,397.0556335449219,102.78044891357422
2024-09-09,147.856201171875,501.88873291015625,401.02911376953125,106.41868591308594
2024-09-10,147.80648803710938,501.88873291015625,409.4111022949219,108.04788970947266
2024-09-11,150.2921600341797,508.88824462890625,418.1488342285156,116.8536605834961
2024-09-12,153.8018798828125,522.5791015625,422.0630798339844,119.09276580810547
2024-09-13,156.55596923828125,521.6048583984375,425.6115417480469,119.05278015136719
2024-09-16,157.15252685546875,530.7207641601562,426.3528747558594,116.73370361328125
2024-09-17,158.4052734375,533.7462768554688,430.11883544921875,115.54417419433594
2024-09-18,158.89247131347656,535.3684692382812,425.8290710449219,113.32505798339844
2024-09-19,161.20909118652344,556.4169311523438,433.617919921875,117.82328033447266
2024-09-20,162.65077209472656,558.6560668945312,430.2374572753906,115.95401000976562
2024-09-23,160.9207763671875,561.7014770507812,428.4978332519531,116.21391296386719
2024-09-24,161.3582305908203,560.6266479492188,424.2080078125,120.82208251953125
2024-09-25,160.56283569335938,565.5827026367188,427.114013671875,123.46104431152344
2024-09-26,161.7957000732422,565.114990234375,426.3232421875,123.9908218383789
2024-09-27,163.00869750976562,564.63720703125,423.0712890625,121.35187530517578
2024-09-30,164.8978271484375,569.69287109375,425.324951171875,121.39186096191406
2024-10-01,166.03123474121094,573.7035522460938,415.8260192871094,116.95360565185547
2024-10-02,164.90773010253906,570.0610961914062,412.3072509765625,118.80289459228516
2024-10-03,164.90773010253906,579.9732666015625,411.72406005859375,122.80130767822266
2024-10-04,166.100830078125,593.0801391601562,411.24957275390625,124.8704833984375
2024-10-07,162.04428100585938,581.9736938476562,404.8049621582031,127.66937255859375
2024-10-08,163.4362335205078,590.0447998046875,409.9151916503906,132.83731079101562
2024-10-09,160.93069458007812,587.6762084960938,412.6333312988281,132.597412109375
2024-10-10,161.14942932128906,581.0283203125,411.0321350097656,134.75656127929688
2024-10-11,162.30279541015625,587.118896484375,411.5065612792969,134.74656677246094
2024-10-14,164.01290893554688,587.5866088867188,414.2939758300781,138.01527404785156
2024-10-15,164.51004028320312,583.4564819335938,413.8985595703125,131.54783630371094
2024-10-16,164.21176147460938,574.02197265625,411.3088684082031,135.66619873046875
2024-10-17,161.99453735351562,574.161376953125,411.9019470214844,136.87571716308594
2024-10-18,162.48175048828125,573.7035522460938,413.3253173828125,137.94529724121094
2024-10-21,163.12803649902344,572.3997802734375,413.9381408691406,143.6530303955078
2024-10-22,164.19186401367188,579.2169799804688,422.56719970703125,143.5330810546875
2024-10-23,161.8454132080078,560.98486328125,419.6908264160156,139.50466918945312
2024-10-24,161.7857666015625,565.0552978515625,419.8193054199219,140.35433959960938
2024-10-25,164.3211212158203,570.4989624023438,423.1997985839844,141.48388671875
2024-10-28,165.7628173828125,575.3853759765625,421.6578369140625,140.4643096923828
2024-10-29,168.70578002929688,590.4329223632812,426.9558410644531,141.19400024414062
2024-10-30,173.45835876464844,588.9599609375,427.5291748046875,139.28475952148438
2024-10-31,170.12759399414062,564.856201171875,401.65185546875,132.70736694335938
2024-11-01,170.30657958984375,564.4382934570312,405.6253662109375,135.34632873535156
2024-11-04,168.26832580566406,557.9893188476562,403.7374267578125,135.99607849121094
2024-11-05,168.76547241210938,569.682861328125,406.7027587890625,139.8545379638672
2024-11-06,175.49658203125,569.3048095703125,415.3219299316406,145.55230712890625
2024-11-07,179.7122344970703,588.8605346679688,420.5112609863281,148.8209991455078
2024-11-08,177.32603454589844,586.5117797851562,417.6546936035156,147.57144165039062
2024-11-11,179.31454467773438,580.3713989257812,413.1770324707031,145.20240783691406
2024-11-12,180.5772247314453,582.0134887695312,418.1390075683594,148.23118591308594
2024-11-13,177.85296630859375,577.2166137695312,420.283935546875,146.21202087402344
2024-11-14,174.57192993164062,574.3902587890625,421.95440673828125,146.7018280029297
2024-11-15,171.4997100830078,551.4210205078125,410.2018127441406,141.92369079589844
2024-11-18,174.29354858398438,551.7394409179688,410.9530944824219,140.0944366455078
2024-11-19,177.09732055664062,558.3973999023438,412.9595947265625,146.95172119140625
2024-11-20,174.96963500976562,562.80615234375,410.6861572265625,145.83216857910156
2024-11-21,166.66758728027344,560.3878173828125,408.913330078125,146.6118621826172
2024-11-22,163.8140411376953,556.4567260742188,413.00372314453125,141.8937225341797
2024-11-25,166.6874542236328,562.3980102539062,414.7765808105469,135.96607971191406
2024-11-26,168.14901733398438,570.78759765625,423.888427734375,136.86572265625
2024-11-27,168.25840759277344,566.4684448242188,418.93634033203125,135.28634643554688
2024-11-29,167.97999572753906,571.5639038085938,419.40185546875,138.19520568847656
2024-12-02,170.50543212890625,589.9850463867188,426.84979248046875,138.57504272460938
2024-12-03,170.35629272460938,610.7052001953125,427.06768798828125,140.20440673828125
2024-12-04,173.36886596679688,610.83447265625,433.2280578613281,145.0824737548828
2024-12-05,171.6488037109375,606.0078125,438.3782043457031,145.0124969482422
2024-12-06,173.70693969726562,620.776611328125,439.3191223144531,142.3933563232422
2024-12-09,174.56295776367188,610.6255493164062,441.74560546875,138.76454162597656
2024-12-10,184.31788635253906,616.3480224609375,439.0814208984375,135.0257568359375
2024-12-11,194.5007781982422,629.643798828125,444.68719482421875,139.26437377929688
2024-12-12,191.07664489746094,627.7628784179688,445.2516784667969,137.2949981689453
2024-12-13,188.9464874267578,617.3729858398438,442.9836120605469,134.20602416992188
2024-12-16,195.7550048828125,621.7454833984375,447.2622375488281,131.95675659179688
2024-12-17,194.52069091796875,616.9646606445312,450.104736328125,130.3472900390625
2024-12-18,187.53302001953125,594.803466796875,433.1983642578125,128.86778259277344
2024-12-19,187.64248657226562,593.18994140625,432.8418273925781,130.63719177246094
2024-12-20,190.52915954589844,582.9112548828125,432.4159240722656,134.65586853027344
2024-12-23,193.7343292236328,597.4528198242188,431.078857421875,139.62423706054688
2024-12-24,195.20751953125,605.3213500976562,435.11968994140625,140.174072265625
2024-12-26,194.6998748779297,600.9388427734375,433.9114074707031,139.88417053222656
2024-12-27,191.87290954589844,597.4130249023438,426.40411376953125,136.96511840820312
2024-12-30,190.3599395751953,588.8772583007812,420.7586975097656,137.4449462890625
2024-12-31,188.42886352539062,583.170166015625,417.4605712890625,134.2460174560547
